{"cameraMode":{"drawMode":0,"name":"Shaded","section":"Shading Mode"},"sceneLighting":true,"audioPlay":false,"sceneViewState":{"m_AlwaysRefresh":false,"showFog":true,"showSkybox":true,"showFlares":true,"showImageEffects":true,"showParticleSystems":true,"showVisualEffectGraphs":true,"m_FxEnabled":true},"in2DMode":false,"pivot":{"x":-17.351213455200197,"y":-3.9595143795013429,"z":25.928136825561525},"rotation":{"x":-0.10206510126590729,"y":0.2872786819934845,"z":-0.030797315761446954,"w":-0.9519160985946655},"size":17.429006576538087,"orthographic":false}